"id","sourceTitle","baseTitle","displayTitle","language","primaryArtists","featuredArtists","remixers","versionType","versionName","versionStatus","sourceName","sourceUrl"
"11-b1ab50f6bd","1+1","1+1","1+1","es","Maluma;Kany García","","","","","","",""
"abracadabra-bb79c22368","Abracadabra","Abracadabra","Abracadabra","en","Lady Gaga","","","","","","",""
"aleale-0b7563c0ba","Ale Ale","Ale ale","Ale ale","es","Marc Anthony","","","","","","",""
"algotu-79819abf32","Algo Tú","Algo tú","Algo tú","es","Shakira;Beéle","","","","","","",""
"alibi-5144249763","Alibi","Alibi","Alibi","multilingual","Sevdaliza;Pabllo Vittar;Yseult","","","","","","",""
"amante-738a8171be","Amante","Amante","Amante","es","Charly & Johayron;Roberto Ferrante;El Bandolero","","","","","","",""
"amediovivir-cfcb991751","A Medio Vivir","A medio vivir","A medio vivir","es","Ricky Martin;Carin León","","","","","","",""
"amorbonito-6a6df413a4","Amor Bonito","Amor bonito","Amor bonito","es","Kany García;Juan Luis Guerra","","","","","","",""
"angelodemonio-1ba583ac9c","Angel o Demonio","Angel o demonio","Angel o demonio","es","Yuly y Havana C","","","","","","",""
"antesqueeltiemposevaya-581f5f1a29","Antes Que El Tiempo Se Vaya","Antes que el tiempo se vaya","Antes que el tiempo se vaya","es","Fonseca;Juanes","","","","","","",""
"apt-aa4359c93f","APT.","APT.","APT.","multilingual","ROSÉ;Bruno Mars","","","","","","",""
"asicomoyo-0146c89ab8","Asi Como Yo","Asi como yo","Asi como yo","es","Lenier;Nacho","","","","","","",""
"asieslavida-512b6e244f","ASI ES LA VIDA","Asi es la vida","Asi es la vida","es","Enrique Iglesias;Maria Becerra","","","","","","",""
"azizam-2ccfa1c603","Azizam","Azizam","Azizam","en","Ed Sheeran","","","","","","",""
"bailandoconlosvanvan-5976ae4159","Bailando con los Van Van","Bailando con los Van Van","Bailando con los Van Van","es","Son Dos;Formell y Los Van Van","","","","","","",""
"bailandosuave-3b016b3ed0","Bailando Suave","Bailando suave","Bailando suave","es","Charly & Johayron;Roberto Ferrante","","","","","","",""
"beautifulthings-76867bed2c","Beautiful Things","Beautiful Things","Beautiful Things","en","Benson Boone","","","","","","",""
"besitoenlafrente-6e3478d6f1","Besito en la Frente","Besito en la frente","Besito en la frente","es","Rauw Alejandro","","","","","","",""
"blablabla-b04f4e20be","Bla, Bla, Bla","Bla, bla, bla","Bla, bla, bla","es","Formell y Los Van Van","","","","","","",""
"bonita-1fa820b1b1","Bonita","Bonita","Bonita","es","Srta. Dayana","","","","","","",""
"bonita-7e06d87ca1","Bonita","Bonita","Bonita","es","Daddy Yankee","","","","","","",""
"bringyourlove-3e36d7d001","Bring your love","Bring your love","Bring your love","en","Madonna;Sabrina Carpenter","","","","","","",""
"bzrpmusicsessionsvol61-3f2dc8046c","Bzrp Music Sessions, Vol. 61","Bzrp Music Sessions, Vol. 61","Bzrp Music Sessions, Vol. 61","es","Bizarrap;Luck Ra","","","","","","",""
"bzrpmusicsessionsvol66-8732f5859a","Bzrp Music Sessions, Vol. 66","Bzrp Music Sessions, Vol. 66","Bzrp Music Sessions, Vol. 66","es","Bizarrap;Daddy Yankee","","","","","","",""
"cambiare-d875320356","Cambiaré","Cambiaré","Cambiaré","es","Luis Fonsi;Feid","","","","","","",""
"cantgetenough-871400f78e","Can't Get Enough","Can't Get Enough","Can't Get Enough","en","Jennifer Lopez","","","","","","",""
"caritatriste-b08e70e7e1","CARITA TRISTE","CARITA TRISTE","CARITA TRISTE","es","Ana Mena;Emilia","","","","","","",""
"catalina-3a0e88846e","Catalina","Catalina","Catalina","es","Cimafunk;Monsieur Periné","","","","","","",""
"chaochaito-d8bf7e7644","Chao Chaíto","Chao chaíto","Chao chaíto","es","Yuly y Havana C;Fransiskito el King","","","","","","",""
"chevere-127f7d0fe4","CHÉVERE","CHÉVERE","CHÉVERE","es","ARIA VEGA;Ryan Castro","","","","","","",""
"cogelosuave-2141857326","Cógelo Suave","Cógelo suave","Cógelo suave","es","Leoni Torres;Javier Columbié","","","","","","",""
"comenzardenuevo-112540cc75","Comenzar De Nuevo","Comenzar de nuevo","Comenzar de nuevo","es","Nicky Jam","","","","","","",""
"comoenelidilio-de1af4f95a","Como En El Idilio","Como en el idilio","Como en el idilio","es","Marc Anthony;Nathy Peluso","","","","","","",""
"comolaflor-01eb8b9e16","Como la flor","Como la flor","Como la flor","es","Play-N-Skillz;Natti Natasha;Deorro","","","","","","",""
"comonadie-cc168e1b76","Como Nadie","Como nadie","Como nadie","es","Wil Campa","","","","","","",""
"contigo-0937d7804b","CONTIGO","CONTIGO","CONTIGO","es","KAROL G;Tiësto","","","","","","",""
"cosaspendientes-19b5711dc3","Cosas Pendientes","Cosas pendientes","Cosas pendientes","es","Maluma","","","","","","",""
"cositalinda-c97d0ed8fa","Cosita Linda","Cosita linda","Cosita linda","es","Elena Rose;Justin Quiles","","","","","","",""
"cualquierasalsaversion-35bbdc0b45","Cualquiera (Salsa Version)","Cualquiera","Cualquiera (versión salsa)","es","Srta. Dayana","","","version","salsa","","",""
"cuentale-8216aa7188","Cuéntale","Cuéntale","Cuéntale","es","Bryan Sánchez","","","","","","",""
"cumbiadelosamigos-bdfca40685","Cumbia De Los Amigos","Cumbia de los amigos","Cumbia de los amigos","es","Orquesta Failde;La Sonora Dinamita","","","","","","",""
"cupr-151fc14e7f","Cu-Pr","Cu-Pr","Cu-Pr","es","Havana D’Primera;Gilberto Santa Rosa","","","","","","",""
"daidai-bce248570a","Dai Dai","Dai dai","Dai dai","multilingual","Shakira;Burna Boy","","","","","","",""
"dalmation-ec0a1e6f39","Dalmation","Dalmation","Dalmation","es","J Balvin;Ryan Castro","","","","","","",""
"dandovueltas-61ea5b6f1f","Dando Vueltas","Dando vueltas","Dando vueltas","es","Rauw Alejandro","","","","","","",""
"dardos-1a820a379a","Dardos","Dardos","Dardos","es","Romeo Santos;Prince Royce","","","","","","",""
"dembow-e7c0653837","Dem Bow","Dem bow","Dem bow","es","Natti Natasha;Nando Boom","","","","","","",""
"desire-b900629306","Desire","Desire","Desire","en","Calvin Harris;Sam Smith","","","","","","",""
"diamante-0ccb388dbf","Diamante","Diamante","Diamante","es","Timø;Cardellino","","","","","","",""
"diewithasmile-48d8a6a8fc","Die With A Smile","Die With A Smile","Die With A Smile","en","Lady Gaga;Bruno Mars","","","","","","",""
"dilealamor-563b60e9a8","Dile Al Amor","Dile al amor","Dile al amor","es","Charanga Latina;Joseito CG","","","","","","",""
"disculpemesenor-a3dec0c6bf","Discúlpeme Señor","Discúlpeme señor","Discúlpeme señor","es","Greeicy","","","","","","",""
"doctorworkitout-428bd0cf68","Doctor (Work It Out)","Doctor (Work It Out)","Doctor (Work It Out)","en","Pharrell Williams;Miley Cyrus","","","","","","",""
"dondeestabas-fdb3c1f87c","¿Dónde Estabas?","¿Dónde estabas?","¿Dónde estabas?","es","Tito El Bambino;Silvestre Dangond","","","","","","",""
"efectossecundarios-be86986c97","Efectos Secundarios","Efectos secundarios","Efectos secundarios","es","Silvestre Dangond;Elena Rose","","","","","","",""
"efimero-228d78e0fc","Efímero","Efímero","Efímero","es","Greeicy","","","","","","",""
"elamorqueespere-86e71a5cbb","El Amor Que Espere","El amor que espere","El amor que espere","es","Leoni Torres;Eddy K;Mauro El Codigo Secreto","","","","","","",""
"elchiquitico-b9b4ac9465","El Chiquitico","El chiquitico","El chiquitico","es","Orquesta Failde","","","","","","",""
"elcielo-6db5846b8d","El Cielo","El cielo","El cielo","es","Tini","","","","","","",""
"eldoctorado-76d58b8d11","El Doctorado","El doctorado","El doctorado","es","Massimo Ferrara;Los 4","","","","","","",""
"elwhatsapp-7a05174f95","El WhatsApp","El WhatsApp","El WhatsApp","es","Elito Revé y su Charangón;El Dray","","","","","","",""
"enemigos-2ec35ea6eb","Enemigos","Enemigos","Enemigos","es","Ozuna;Beéle;Ovy On The Drums","","","","","","",""
"enhorabuena-9681e08a8b","Enhorabuena","Enhorabuena","Enhorabuena","es","Manuel Turizo","","","","","","",""
"enotravidacomoesta-e106965a3a","En Otra Vida Como Esta","En otra vida como esta","En otra vida como esta","es","Diana Fuentes","","","","","","",""
"enprivado-5ab8bfd761","En Privado","En privado","En privado","es","Xavi;Manuel Turizo","","","","","","",""
"esebesito-43c3ba862c","Ese Besito","Ese besito","Ese besito","es","Melanie Santiler;Cimafunk","","","","","","",""
"espresso-850bade631","Espresso","Espresso","Espresso","en","Sabrina Carpenter","","","","","","",""
"exexex-4a717da72c","Ex Ex Ex","Ex ex ex","Ex ex ex","es","Aitana;Kenia Os","","","","","","",""
"farandula-cf2bfc3eb2","Farándula","Farándula","Farándula","es","Yuly y Havana C","","","","","","",""
"fiestando-faff8dfb4b","Fiestando","Fiestando","Fiestando","es","Gitanos","","","","","","",""
"fortnightcyrilremix-227943921e","Taylor Swift - Fortnight (Feat. Post Malone) (CYRIL REMIX)","Fortnight","Fortnight (remezcla de CYRIL)","en","Taylor Swift","Post Malone","CYRIL","remix","CYRIL","independent","SoundCloud","https://soundcloud.com/cyrilriley/taylor-swift-fortnight-feat-post-malone-cyril-remix"
"fueculpadeusted-94bf8fc961","Fue Culpa De Usted","Fue culpa de usted","Fue culpa de usted","es","Moa Rivera;Lenier","","","","","","",""
"fuerafuera-7146038232","Fuera Fuera","Fuera fuera","Fuera fuera","es","La India;Jacob Forever","","","","","","",""
"gabriela-cb45e3ba49","Gabriela","Gabriela","Gabriela","multilingual","Katseye","","","","","","",""
"gimmelove-5ece9463b7","Gimme Love","Gimme Love","Gimme Love","en","Sia","","","","","","",""
"golden-53fc8a5c44","Golden","Golden","Golden","en","Huntr/x;KPop Demon Hunters Cast","","","","","","",""
"gonegonegone-7498869b0d","Gone Gone Gone","Gone Gone Gone","Gone Gone Gone","en","David Guetta;Teddy Swims;Tones And I","","","","","","",""
"handsonme-f8e1028364","Hands On Me","Hands On Me","Hands On Me","en","Jason Derulo;Meghan Trainor","","","","","","",""
"hastaquemeenamoro-a9b7755e5c","Hasta Que Me Enamoro","Hasta que me enamoro","Hasta que me enamoro","es","Maria Becerra;Tini","","","","","","",""
"himalaya-b76fb5502f","Himalaya","Himalaya","Himalaya","es","Wisin;Pedro Capó","","","","","","",""
"holaperdidaremix-955c118019","HOLA PERDIDA REMIX","Hola perdida","Hola perdida (remezcla)","es","Luck Ra;Maluma;KHEA","","","remix","","","",""
"houdini-41ab2783fc","Houdini","Houdini","Houdini","en","Dua Lipa","","","","","","",""
"iadoreyou-98ae7ea0e6","I Adore You","I Adore You","I Adore You","en","Hugel;J Balvin;Ellie Goulding;Topic;Arash;Daecolm","","","","","","",""
"ijustmight-3b4db880da","I Just Might","I Just Might","I Just Might","en","Bruno Mars","","","","","","",""
"illusion-b2810a35a4","Illusion","Illusion","Illusion","en","Dua Lipa","","","","","","",""
"lacalentura-e7cb98c0ca","La Calentura","La calentura","La calentura","es","Manolin El Medico de la Salsa;Formula B","","","","","","",""
"lachicadelescenario-2180b97d75","La chica del escenario","La chica del escenario","La chica del escenario","es","Alexander Abreu y Havana D’Primera","","","","","","",""
"lafuerte-97999605bd","La Fuerte","La fuerte","La fuerte","es","Shakira;Bizarrap","","","","","","",""
"lalampara-19a4848639","La Lámpara","La lámpara","La lámpara","es","Alain Pérez","","","","","","",""
"lamanodeorula-d113d28c2e","La mano de Orula","La mano de Orula","La mano de Orula","es","Paulo FG","","","","","","",""
"lapersonacorrecta-8daadc1bc1","La Persona Correcta","La persona correcta","La persona correcta","es","Charly & Johayron;Baby Cortés;Ernesto Losa","","","","","","",""
"lasredes-b5eadcc555","Las Redes","Las redes","Las redes","es","Wil Campa","","","","","","",""
"lastory-2b8e4dc5a3","La Story","La Story","La Story","es","El Taiger;Lil Yoe;Karly;DJ Conds","","","","","","",""
"lavidabailando-82797dc147","La Vida Bailando","La vida bailando","La vida bailando","es","Wil Campa","","","","","","",""
"lavidaesbuena-e8b327aa2c","La Vida Es Buena","La vida es buena","La vida es buena","es","Diana Fuentes","","","","","","",""
"lifetimes-d3b5643c3f","LIFETIMES","LIFETIMES","LIFETIMES","en","Katy Perry","","","","","","",""
"losbesosquetedi-f1fa430ac3","Los Besos Que Te Di","Los besos que te di","Los besos que te di","es","David Calzado y su Charanga Habanera","","","","","","",""
"lovepatinohay-1c6dfaf245","Love Pa Ti No Hay","Love pa ti no hay","Love pa ti no hay","es","Fer Ariza;Nacho","","","","","","",""
"luna-3464cc2f4b","Luna","Luna","Luna","es","Wisin;Kapo","","","","","","",""
"luna-3eac47e0df","LUNA","LUNA","LUNA","es","Feid;ATL Jacob","","","","","","",""
"magia-0cfd9bf9b7","Magia","Magia","Magia","es","Charly & Johayron;Nicky Jam;Roberto Ferrante;El Bandolero;DJ Honda","","","","","","",""
"mananateolvido-fd0e38bcef","Mañana Te Olvido","Mañana te olvido","Mañana te olvido","es","Jacob Forever;LI-C","","","","","","",""
"masqueamigos-fcd34715fd","Mas Que Amigos","Mas que amigos","Mas que amigos","es","Nesty;Diana Fuentes","","","","","","",""
"meequivoquecontigo-c185e06ee0","Me Equivoqué Contigo","Me equivoqué contigo","Me equivoqué contigo","es","Jacob Forever","","","","","","",""
"memuevo-81b30013f0","Me Muevo","Me muevo","Me muevo","es","Fariana;Kiko El Crazy","","","","","","",""
"miamor-75e80a9d85","miamor","miamor","miamor","es","Aitana;Rels B","","","","","","",""
"miexteniarazon-e14de01b6e","MI EX TENÍA RAZÓN","MI EX TENÍA RAZÓN","MI EX TENÍA RAZÓN","es","KAROL G","","","","","","",""
"mimeneo-96115b3c28","Mi meneo","Mi meneo","Mi meneo","es","Rosaliz","","","","","","",""
"miprioridad-7e3f504ac5","Mi Prioridad","Mi prioridad","Mi prioridad","es","Jacob Forever","","","","","","",""
"mirameahora-3075c509d1","Mírame Ahora","Mírame ahora","Mírame ahora","es","Manuel Turizo","","","","","","",""
"modovanvan-c3ec2d04af","Modo Van Van","Modo Van Van","Modo Van Van","es","Formell y Los Van Van","","","","","","",""
"morena-080c0333b6","Morena","Morena","Morena","es","Yulien Oviedo;Insurrecto","","","","","","",""
"muertofritoyderretido-2b8c5876c2","Muerto, frito y derretido","Muerto, frito y derretido","Muerto, frito y derretido","es","LiesterM;Charanga Habanera","","","","","","",""
"mundoloco-9f46f12184","Mundo Loco","Mundo loco","Mundo loco","es","Baby Cortés","","","","","","",""
"nadasinti-e749860ed3","Nada Sin Ti","Nada sin ti","Nada sin ti","es","Los 4","","","","","","",""
"nadiecomotu-5461ce5be2","Nadie Como Tú","Nadie como tú","Nadie como tú","es","Leoni Torres;Bryan Sánchez","","","","","","",""
"namore-a9143f5cf2","Namore","Namore","Namore","es","Saudy;Lenier","","","","","","",""
"necessito-0aa1136034","Necessito","Necessito","Necessito","pt","Lexa","","","","","","",""
"nohepodidoolvidarte-8a65d99de0","No He Podido Olvidarte","No he podido olvidarte","No he podido olvidarte","es","Chacal;Yakarta","","","","","","",""
"nosvamos-ec606a101a","Nos Vamos","Nos vamos","Nos vamos","es","Len Mikay;Divan","","","","","","",""
"noteinstales-0c505ecf21","No Te Instales","No te instales","No te instales","es","Divan;Ernesto Losa","","","","","","",""
"notienesentido-7ac99e1f15","No Tiene Sentido","No tiene sentido","No tiene sentido","es","Beéle","","","","","","",""
"novolvere-e0a0da09f5","No Volveré","No volveré","No volveré","es","Jacob Forever;Mayco D' Alma","","","","","","",""
"nuncateolvidare-442ab8b88b","Nunca Te Olvidaré","Nunca te olvidaré","Nunca te olvidaré","es","Wil Campa","","","","","","",""
"ohnana-e092d936f3","Ohnana","Ohnana","Ohnana","es","Kapo","","","","","","",""
"orgullo-b3c9292d7e","Orgullo","Orgullo","Orgullo","es","Nesty;Guaynaa","","","","","","",""
"otranochemas-c3b92c54c5","Otra Noche Más","Otra noche más","Otra noche más","es","Víctor Manuelle","","","","","","",""
"outsideoflove-7f7d6b8292","Outside Of Love","Outside Of Love","Outside Of Love","en","Becky Hill","","","","","","",""
"papasito-18c5517d39","Papasito","Papasito","Papasito","es","KAROL G","","","","","","",""
"paquevolviste-a615566d6e","Pa’ Qué Volviste?","Pa’ qué volviste?","Pa’ qué volviste?","es","Elena Rose;Maria Becerra","","","","","","",""
"patitoa3-d542f2e175","Pa ti toa <3","Pa ti toa <3","Pa ti toa <3","es","Ana Mena;Lola Índigo","","","","","","",""
"patodalavida-b83f9a5b3b","Pa' Toda La Vida","Pa' toda la vida","Pa' toda la vida","es","Chacal;Marlon;Gerardo Rodríguez","","","","","","",""
"plis-f1de299425","PLIS","PLIS","PLIS","es","Camilo;Evaluna Montaner","","","","","","",""
"portuculpa-2f7567505f","Por Tu Culpa","Por tu culpa","Por tu culpa","es","Leoni Torres","","","","","","",""
"puntacana-27ce381bef","Punta Cana","Punta Cana","Punta Cana","es","Marc Anthony","","","","","","",""
"punteria-1ef0e937a3","Puntería","Puntería","Puntería","es","Shakira;Cardi B","","","","","","",""
"quebola-af45a41f47","Qué Bolá","Qué bolá","Qué bolá","es","Wampi;Cimafunk","","","","","","",""
"quehaces-d7cb3d98d9","Qué Haces","Qué haces","Qué haces","es","Becky G;Manuel Turizo","","","","","","",""
"quehago-96015e81a0","Qué Hago","Qué hago","Qué hago","es","Karmen Muradas;Alexander Abreu;Havana D’Primera","","","","","","",""
"quetevayabien-64c66e3ede","Que Te Vaya Bien","Que te vaya bien","Que te vaya bien","es","David Calzado y su Charanga Habanera;Joseito CG","","","","","","",""
"quevivaelamor-2a6642efed","Que viva el amor","Que viva el amor","Que viva el amor","es","Jacob Forever;Dany Ome;Kevincito El 13;Gatillo","","","","","","",""
"quiero-accfe27478","Quiero +","Quiero +","Quiero +","es","Greeicy","","","","","","",""
"regalito-e2fa90eb90","Regalito","Regalito","Regalito","es","Piso 21;Juan Duque","","","","","","",""
"reinadecorazones-719bab0ec6","Reina De Corazones","Reina de corazones","Reina de corazones","es","Alain Pérez;Luis Enrique","","","","","","",""
"roma-96d5a4f6be","Roma","Roma","Roma","es","Luis Fonsi;Laura Pausini","","","","","","",""
"salsakuduro-c13ddcca85","Salsa Kuduro","Salsa kuduro","Salsa kuduro","es","Karmen Muradas","","","","","","",""
"salvame-5fdc541db8","Sálvame","Sálvame","Sálvame","es","Camilo;Alexander Abreu;Havana D’Primera","","","","","","",""
"salvavidas-df979696ed","Salvavidas","Salvavidas","Salvavidas","es","Jacob Forever;Dany Ome;Kevincito El 13","","","","","","",""
"santa-9ad744ba52","Santa","Santa","Santa","es","Rvssian;Rauw Alejandro;Ayra Starr","","","","","","",""
"savemetonight-57c69ff712","Save Me Tonight","Save Me Tonight","Save Me Tonight","en","Jennifer Lopez;David Guetta","","","","","","",""
"senorbendito-2a53bceed4","Señor Bendito","Señor bendito","Señor bendito","es","Fanny Lu;Olga Tañón","","","","","","",""
"siantestehubieraconocido-a684e71094","Si Antes Te Hubiera Conocido","Si antes te hubiera conocido","Si antes te hubiera conocido","es","KAROL G","","","","","","",""
"silencioremix-df7b7a94c2","Silencio (Remix)","Silencio","Silencio (remezcla)","es","Alexander Abreu;Velito el Bufón","","","remix","","","",""
"sinmiedo-68d241f95a","Sin Miedo","Sin miedo","Sin miedo","es","Kasanova;Alexander Abreu","","","","","","",""
"sinofueraporti-650a0054d2","Si No Fuera Por Ti","Si no fuera por ti","Si no fuera por ti","es","Leoni Torres","","","","","","",""
"sinti-b5cf6d0f05","Sin Ti","Sin ti","Sin ti","es","Saudy;Lenier","","","","","","",""
"situlaves-c2af8f00f3","Si Tu La Ves","Si tu la ves","Si tu la ves","es","Lenier;Jowell & Randy","","","","","","",""
"soltera-af2453ae86","Soltera","Soltera","Soltera","es","Shakira","","","","","","",""
"sonriele-dc3a5895ca","Sonríele","Sonríele","Sonríele","es","Daddy Yankee","","","","","","",""
"sonriemujer-9ba2a53ad4","Sonríe Mujer","Sonríe mujer","Sonríe mujer","es","Chacal","","","","","","",""
"tactoquellegoelreparto-4a3c7212e1","Tacto Que Llegó El Reparto","Tacto que llegó el reparto","Tacto que llegó el reparto","es","Bebeshito","","","","","","",""
"tedigoadioscumbia-7a0cc06fea","Te Digo Adiós (Cumbia)","Te digo adiós","Te digo adiós (versión cumbia)","es","Papushi","","","version","cumbia","","",""
"tehacenfaltados-39cb9c7329","Te Hacen Falta Dos","Te hacen falta dos","Te hacen falta dos","es","Manuel Turizo","","","","","","",""
"temporal-566773360c","Temporal","Temporal","Temporal","es","Tito El Bambino;Farruko","","","","","","",""
"tetengoensalsa-8f35b2cfb9","Te tengo en salsa","Te tengo en salsa","Te tengo en salsa","es","Cimafunk","","","","","","",""
"texasholdem-714295b0ce","TEXAS HOLD 'EM","TEXAS HOLD 'EM","TEXAS HOLD 'EM","en","Beyoncé","","","","","","",""
"thefateofophelia-5a1b58dd4e","The Fate of Ophelia","The Fate of Ophelia","The Fate of Ophelia","en","Taylor Swift","","","","","","",""
"todoelmundobailando-c00363a787","Todo El Mundo Bailando","Todo el mundo bailando","Todo el mundo bailando","es","Leoni Torres;Guaynaa","","","","","","",""
"touchingthesky-93fc355bcf","Touching The Sky","Touching The Sky","Touching The Sky","en","Rauw Alejandro","","","","","","",""
"trainingseason-80ba3e9377","Training Season","Training Season","Training Season","en","Dua Lipa","","","","","","",""
"tutienesalgo-f736eae719","Tú Tienes Algo","Tú tienes algo","Tú tienes algo","es","Indy Fontaine;Charlie Cruz","","","","","","",""
"unacopiademi-874f23c606","Una copia de mí","Una copia de mí","Una copia de mí","es","Charly & Johayron;Ernesto Losa","","","","","","",""
"unacosita-458b24d76d","Una Cosita","Una cosita","Una cosita","es","Charly & Johayron;Roberto Ferrante;El Bandolero","","","","","","",""
"unanamas-dacddd8a79","Una Na Más","Una na más","Una na más","es","Myke Towers","","","","","","",""
"unavidapasada-d64d9360bc","Una Vida Pasada","Una vida pasada","Una vida pasada","es","Camilo;Carin Leon","","","","","","",""
"unclasico-b17f0c89df","Un Clásico","Un clásico","Un clásico","es","Len Mikay;Leoni Torres","","","","","","",""
"unica-2c69f9590f","Única","Única","Única","es","Tainy;KAROL G","","","","","","",""
"uwaie-85b324d262","UWAIE","UWAIE","UWAIE","es","Kapo","","","","","","",""
"vagabundo-48bd0579e2","VAGABUNDO","VAGABUNDO","VAGABUNDO","es","Sebastián Yatra;Manuel Turizo;Beéle","","","","","","",""
"vibras-f5616bb528","Vibras","Vibras","Vibras","es","Lenier;El Chulo","","","","","","",""
"vocation-a1301068d1","Vocation","Vocation","Vocation","es","Ozuna;David Guetta","","","","","","",""
"volver-d3eaababf5","Volver","Volver","Volver","es","Piso 21;Marc Anthony;Beéle","","","","","","",""
"voyami-b10b5a2806","Voy A Mí","Voy a mí","Voy a mí","es","Yomil","","","","","","",""
"vuelvoaseryo-7603b2a16b","Vuelvo a Ser Yo","Vuelvo a ser yo","Vuelvo a ser yo","es","Luis Enrique;Alain Pérez","","","","","","",""
"whatever-32f8c484a3","Whatever","Whatever","Whatever","en","Kygo;Ava Max","","","","","","",""
"womansworld-d97203be69","Woman's World","Woman's World","Woman's World","en","Katy Perry","","","","","","",""
"yaloves-2c4b523d6d","Ya Lo Ves","Ya lo ves","Ya lo ves","es","Nesty;Ronald Borjas","","","","","","",""
"yanoteextrano-d54e16679f","Ya No Te Extraño","Ya no te extraño","Ya no te extraño","es","Natti Natasha","","","","","","",""
"yapaque-95f29db7eb","Yapaqué","Yapaqué","Yapaqué","es","Farruko;Greeicy;Steve Aoki","","","","","","",""
"yesand-a3e85abb02","yes, and?","yes, and?","yes, and?","en","Ariana Grande","","","","","","",""
"yojala-0d25f869e9","Y Ojalá","Y ojalá","Y ojalá","es","Lenier;Diana Fuentes","","","","","","",""
"yotevoyaamar-2b0af500fa","Yo Te Voy a Amar","Yo te voy a amar","Yo te voy a amar","es","One Life;Charanga Latina;Metaliko","","","","","","",""
"youngmikobzrpmusicsessionsvol58-8f3d7a3efd","Young Miko: Bzrp Music Sessions, Vol. 58","Young Miko: Bzrp Music Sessions, Vol. 58","Young Miko: Bzrp Music Sessions, Vol. 58","es","Bizarrap","","","","","","",""
"mikaela-d705860dec","Mikaela","Mikaela","Mikaela","es","Yomil;Ricardo Leyva","","","","","","",""
"asi-e5c7638841","Así","Así","Así","es","Abraham Mateo;Maria Becerra;Big One","","","","","","",""
"dlejitos-f223412b49","D' LEJITOS","D' LEJITOS","D' LEJITOS","es","Chino & Nacho;Elena Rose","","","","","","",""
