"songId","authors","youtube","spotify"
"11-b1ab50f6bd","Rafa Arcaute;Juan Luis Londoño Arias;Encarnita García De Jesús;Jonathan Rivera;Giencarlos Rivera;Jose Daniel Zapata;Juan Esteban Zapata;Andrés Uribe Marín;Richi López","https://www.youtube.com/watch?v=jo5xZXkrwWc",""
"abracadabra-bb79c22368","Lady Gaga","https://www.youtube.com/watch?v=vBynw9Isr28",""
"aleale-0b7563c0ba","Marc Anthony;Sergio George;Álvaro Lenier Mesa Basulto;Nadir Khayat;Etienne Boue-Bi Kohou;Adil Khayat;Bilal Hajji;John Mamann;Salif Traore;Alexander Dimitrios Papaconstantinou;Adama Fanny;Narcisse Sodoua","https://www.youtube.com/watch?v=CpeC44KTHFU",""
"algotu-79819abf32","Ejae;Mark Sonnenblick","https://www.youtube.com/watch?v=mXz8F1Yjy9I",""
"alibi-5144249763","Sevda Alizadeh;Mathias Janmaat;Reynard Bargmann","https://www.youtube.com/watch?v=qVqFuokjRMc",""
"amante-738a8171be","Carlos de Jesús Coronado Chirino;Roberto Johayron Amores Rodríguez","https://www.youtube.com/watch?v=C7fdUBbEIog",""
"amediovivir-cfcb991751","Franco De Vita","https://www.youtube.com/watch?v=55n93nKRM2A",""
"amorbonito-6a6df413a4","Kany García;Richi López;Rafa Arcaute;Manuel Lorente Freire","https://www.youtube.com/watch?v=MSFGno4v7_Y",""
"angelodemonio-1ba583ac9c","Yuleisis Greenidge","https://www.youtube.com/watch?v=C8Djo7SPzlw",""
"antesqueeltiemposevaya-581f5f1a29","Juan Fernando Fonseca Carrera;Juan Esteban Aristizábal Vásquez;Felipe Andy Clay Cruz","https://www.youtube.com/watch?v=MMjG1pb3RiY",""
"apt-aa4359c93f","Rosé;Amy Allen;Rogét Chahayed;Theron Thomas;Cirkut;Omer Fedi;Bruno Mars;Philip Lawrence;Brody Brown;Nicky Chinn;Mike Chapman;Șerban Ghenea","https://www.youtube.com/watch?v=ekr2nIex040",""
"asicomoyo-0146c89ab8","Álvaro Lenier Mesa Basulto;Miguel Ignacio Mendoza;Mauro Silvino Bertran;Jordany González Mora","https://www.youtube.com/watch?v=VJPbxlynSHs",""
"asieslavida-512b6e244f","Enrique Iglesias;Maria Becerra;Descemer Bueno;Omi Hernández","https://www.youtube.com/watch?v=XUoXE3bmDJY",""
"azizam-2ccfa1c603","Ed Sheeran;Ilya Salmanzadeh;Johnny McDaid;Savan Kotecha","https://www.youtube.com/watch?v=MI9ZpIKgyf0",""
"bailandoconlosvanvan-5976ae4159","Yaser De La Peña;Rafael De Tena","https://www.youtube.com/watch?v=j3uqrPzMdSE",""
"bailandosuave-3b016b3ed0","Carlos de Jesús Coronado Chirino;Roberto Johayron Amores Rodríguez;Roberto Ferrante","https://www.youtube.com/watch?v=F1aLiDCFugs",""
"beautifulthings-76867bed2c","Benson Boone;Jack LaFrantz;Evan Blair","https://www.youtube.com/watch?v=Oa_RSwwpPaA",""
"besitoenlafrente-6e3478d6f1","Raúl Alejandro Ocasio Ruiz;Dulce Como Candy","https://www.youtube.com/watch?v=1Kc2sZNyWT0",""
"blablabla-b04f4e20be","Roberto Hernández","https://www.youtube.com/watch?v=MD_KUv4XKyc",""
"bonita-1fa820b1b1","Dayana Chavez Victoria;Carlos J. Lara Garcia","https://www.youtube.com/watch?v=dsAS17OEOR8",""
"bonita-7e06d87ca1","Ramón Luis Ayala Rodríguez","https://www.youtube.com/watch?v=6OQpVBnBU2I",""
"bringyourlove-3e36d7d001","Madonna;Stuart Price;Roy Holman;Shanna Jackson;Kevin Saunderson","https://www.youtube.com/watch?v=EHrt-gFgvXo",""
"bzrpmusicsessionsvol61-3f2dc8046c","Gonzalo Julián Conde;Juan Facundo Almerena Ordóñez;Renzo Luca;Santiago Alvarado;Paulo Ezequiel Dybala","https://www.youtube.com/watch?v=GJtrE-SLtZA",""
"bzrpmusicsessionsvol66-8732f5859a","Daddy Yankee;Gonzalo Julián Conde;Santiago Alvarado","https://www.youtube.com/watch?v=qNw8ejrI0nM",""
"cambiare-d875320356","Andrés Torres;Mauricio Rengifo;Luis A. Rodríguez López-Cepero;Salomón Villada Hoyos","https://www.youtube.com/watch?v=q-mWC7xuuEA",""
"cantgetenough-871400f78e","Jennifer Lopez;Atia Boggs;Rogét Chahayed;Dennis Coffey;Christopher Dotson;Alton Ellis;Jeff Gitelman;Chauncey Hollis Jr.;Angel Lopez;Andrew Neely","https://www.youtube.com/watch?v=8UMnAIaBofo",""
"caritatriste-b08e70e7e1","Ana Mena;Andrés Torres;Mauricio Rengifo;Sara Schell Guedez;María Emilia Mernes Rueda","https://www.youtube.com/watch?v=YnsnWbbpwK4",""
"catalina-3a0e88846e","Erik Alejandro Iglesias Rodríguez;Catalina García;Santiago Prieto;César Augusto Santiago","https://www.youtube.com/watch?v=INQBCW4W0d8",""
"chaochaito-d8bf7e7644","Yuleisis Greenidge","https://www.youtube.com/watch?v=xFfCngK4yCc",""
"chevere-127f7d0fe4","Bryan David Castro Sosa;Germán Andrés García Acuña;Jordy Camilo Valdivieso;Mariana Padilla Pérez;Santiago Orrego","https://www.youtube.com/watch?v=d2rUnDzpVRI",""
"cogelosuave-2141857326","Leonardo Torres Álvarez;Javier Columbié Ortiz","https://www.youtube.com/watch?v=6XdQiHYQGvg",""
"comenzardenuevo-112540cc75","Kike Santander","https://www.youtube.com/watch?v=HOEgsgC-eu0",""
"comoenelidilio-de1af4f95a","Marco Antonio Muñiz;Natalia Beatriz Dora Peluso;Servando Primera;Manuel Lara;Benjamín Alerhand","https://www.youtube.com/watch?v=OYtHvS7n7ic",""
"comolaflor-01eb8b9e16","Juan Salinas;Oscar Salinas;David Macias;Gary Walker Jr.;Emmanuel Anene;Christopher Richard Deriso;Erick Orrosquieta;Natalia Alexandra Gutiérrez Batista;A.B. Quintanilla III;Peter Astudillo","https://www.youtube.com/watch?v=nLYuxQVeWDY",""
"comonadie-cc168e1b76","Wilfredo Campa Corvea","https://www.youtube.com/watch?v=qlyZRe7yrbA",""
"contigo-0937d7804b","Ryan Tedder;Björn Djupström;Tyler Spry;Tijs Verwest;Carolina Giraldo Navarro;Yasmani Luis Bandera Clark;Jesse McCartney","https://www.youtube.com/watch?v=NCmp7AV8O9s",""
"cosaspendientes-19b5711dc3","Maluma;Edgar Barrera;Kevyn Mauricio Cruz Moreno;Luis Miguel Gómez Castaño;Manuel Lorente Freire","https://www.youtube.com/watch?v=6vPhcRew8hA",""
"cositalinda-c97d0ed8fa","Abraham Olaleye;Andrea Elena Mangiamarchi;Iván Rodríguez;Justin Rafael Quiles Rivera","https://www.youtube.com/watch?v=WPoRDC-wAYA",""
"cualquierasalsaversion-35bbdc0b45","Carlos J. Lara Garcia;Dayana Chavez Victoria","https://www.youtube.com/watch?v=9hSq1C7iwrU",""
"cuentale-8216aa7188","Bryan Sánchez","https://www.youtube.com/watch?v=_QsDSbmGrtA",""
"cumbiadelosamigos-bdfca40685","Pedro Pablo Cruz","https://www.youtube.com/watch?v=KJcWXeO3e-M",""
"cupr-151fc14e7f","Alexander Abreu Manresa","https://www.youtube.com/watch?v=wfYPf732zj0",""
"daidai-bce248570a","Shakira Isabel Mebarak Ripoll;Alexander Castillo Vasquez;Ahmed Saghir;Ed Sheeran;Jon Bellion","https://www.youtube.com/watch?v=fcnDmrtj6Sk",""
"dalmation-ec0a1e6f39","José Álvaro Osorio Balvín;Bryan David Castro Sosa;Kevyn Mauricio Cruz Moreno;Sergio Robledo Arango;Filly Andrés Lima Maya;Cristian Camilo Álvarez Ospina","https://www.youtube.com/watch?v=BkAhd02vlBo",""
"dandovueltas-61ea5b6f1f","Raúl Alejandro Ocasio Ruiz;Nino K. Segura;Edgar Barrera;Andrés Jael Correa Ríos;Eduardo Cabra;Sebastián Otero","https://www.youtube.com/watch?v=-o-38aZg6o0",""
"dardos-1a820a379a","Anthony Santos;Jeffrey Nortey;Isaiah Ennio Parker;Alexander Caba;Carlos B. Mercader","https://www.youtube.com/watch?v=7KrNh9YaeDg",""
"dembow-e7c0653837","Natalia Alexandra Gutiérrez Batista;Rafael A. Pina;Fernando O. Brown;Ramon Bustamante;Jorge Valdés Vasquez;Jonathan J. Reyes;Johnny O. López Pimentel;Ramses I. Herrera;Carlos H. Dominguez","https://www.youtube.com/watch?v=91xfdZhcXqE",""
"desire-b900629306","Adam Wiles;Sam Smith;Matthew Burns;Sam Roman;Jake Torrey","https://www.youtube.com/watch?v=1JPNFp0f53I",""
"diamante-0ccb388dbf","Felipe Galat Gómez;Alejandro Ochoa;Andrés Vásquez;Mauricio Rengifo;Andrés Torres;Javier Cardellino","https://www.youtube.com/watch?v=idK7c_j28mg",""
"diewithasmile-48d8a6a8fc","Bruno Mars;Dernst Emile II;Lady Gaga;Andrew Watt;James Fauntleroy","https://www.youtube.com/watch?v=kPa7bsKwL-c",""
"dilealamor-563b60e9a8","José Alberto Cordero González","https://www.youtube.com/watch?v=HSs7yZWEBRQ",""
"disculpemesenor-a3dec0c6bf","Greeicy Yeliana Rendón Ceballos;Luis Miguel Gómez Castaño;Sergio Robledo;Alejandro Robledo Valencia;Filly Andrés Lima Maya;Cristian Camilo Álvarez Ospina","https://www.youtube.com/watch?v=smBqmZEcmUA",""
"doctorworkitout-428bd0cf68","Pharrell Williams;Miley Cyrus;Michael Pollack","https://www.youtube.com/watch?v=xWkqjXjD73E",""
"dondeestabas-fdb3c1f87c","Álvaro Lenier Mesa Basulto;Efraín David Fines Nevares;Silvestre Dangond","https://www.youtube.com/watch?v=HKjdbdV6bCo",""
"efectossecundarios-be86986c97","Silvestre Francisco Dangond Corrales;Andrea Elena Mangiamarchi;Andrés Castro;Daniel Ignacio Rondón;Frank Santofimio;Miguel Ángel Díaz Vélez","https://www.youtube.com/watch?v=ynSmneT1tiU",""
"efimero-228d78e0fc","Greeicy;Casta;Spreadlof;Keityn","https://www.youtube.com/watch?v=tKiw5StSO5w",""
"elamorqueespere-86e71a5cbb","Mauro Silvino Bertran;Eduardo Mora Hernández","https://www.youtube.com/watch?v=CEsip93GxdA",""
"elchiquitico-b9b4ac9465","Pedro Pablo Cruz","https://www.youtube.com/watch?v=RFDSRVYcZbg",""
"elcielo-6db5846b8d","Martina Stoessel;Andrés Torres;Mauricio Rengifo","https://www.youtube.com/watch?v=972fadykbJA",""
"eldoctorado-76d58b8d11","Massimo Ferrara","https://www.youtube.com/watch?v=0FFHbX2U4eQ",""
"elwhatsapp-7a05174f95","Arian Chacón Hernández;Sujer Salim Zaldívar;Elio Revé Duverger;Drayoan Linares Cervantes","https://www.youtube.com/watch?v=ue2x8kIXjjM",""
"enemigos-2ec35ea6eb","Jan Carlos Ozuna Rosado","https://www.youtube.com/watch?v=j7XvFbo0bus",""
"enhorabuena-9681e08a8b","Manuel Turizo;Andy Clay;Juan Diego Medina Vélez;Julián Turizo Zapata;Giovel Simon;Manuel Lorente Freire;Slow Mike","https://www.youtube.com/watch?v=kCUgr1k_h7o",""
"enotravidacomoesta-e106965a3a","Diana Fuentes;Marcos Sánchez;Jorge Rivera;Nam San Fong","https://www.youtube.com/watch?v=0T8v80zanMQ",""
"enprivado-5ab8bfd761","Joshua Xavier Gutierrez;Fabio Ivan Gutierrez Ramirez;Manuel Turizo;Andy Clay;Carlos Humberto Dominguez;Roberto Carlos Sierra;Giovel Simon","https://www.youtube.com/watch?v=kE1-O0tU-UU",""
"esebesito-43c3ba862c","Melanie Santiler","https://www.youtube.com/watch?v=Ya-fLc4L_Xs",""
"espresso-850bade631","Julian Bunetta;Steph Jones;Amy Allen;Sabrina Carpenter","https://www.youtube.com/watch?v=eVli-tstM5E",""
"exexex-4a717da72c","Nicolás Cotton","https://www.youtube.com/watch?v=FWvMbRYjYfE",""
"farandula-cf2bfc3eb2","Yuleisis Greenidge","https://www.youtube.com/watch?v=1zIn8RGmXQQ",""
"fiestando-faff8dfb4b","Michel Hernández San Juan","https://www.youtube.com/watch?v=QpYrkdxA4qc",""
"fortnightcyrilremix-227943921e","Taylor Swift;Jack Antonoff;Austin Post","https://www.youtube.com/watch?v=ErGiKyl0ONs",""
"fueculpadeusted-94bf8fc961","Álvaro Lenier Mesa Basulto;Gerardo Rivera Donis","https://www.youtube.com/watch?v=c6X_-4rEUlA",""
"fuerafuera-7146038232","La India;Sergio George;Yosdany Jacob Carmenates;Pedro Jesús","https://www.youtube.com/watch?v=Vtq6gM4ztcA",""
"gabriela-cb45e3ba49","Andrew Watt;John Ryan;Ali Tamposi;Charlotte Aitchison;Sara Schell","https://www.youtube.com/watch?v=CjnB56tSCQI",""
"gimmelove-5ece9463b7","Sia Furler;Jesse Shatkin","https://www.youtube.com/watch?v=TYxhB-oLNU8",""
"golden-53fc8a5c44","Ejae;Mark Sonnenblick","https://www.youtube.com/watch?v=yebNIHKAC4A",""
"gonegonegone-7498869b0d","Ben Kohn;David Guetta;Giorgio Tuinfort;Hector Fernandez;Jack LaFrantz;Jaten Collin Dimsdale;Julian Bunetta;Naomi Robin;Pete Kelleher;Rob Dougan;Rollo Armstrong;Toni Watson;Yarden Peleg;Yuval Maayan","https://www.youtube.com/watch?v=8iT9DRe3cHE",""
"handsonme-f8e1028364","Jason Desrouleaux;Meghan Trainor;Jonathan Bach;Sarah Solovay;Shawn Charles;Elof Loelv;Kyle Buckley;Ben E. King;Jerry Leiber;Mike Stoller","https://www.youtube.com/watch?v=o9mS6DsiuyA",""
"hastaquemeenamoro-a9b7755e5c","Andrés Torres;Maria De Los Ángeles Becerra;Tini;Mauricio Rengifo;Xavier Rosero","https://www.youtube.com/watch?v=3BVHzsglnto",""
"himalaya-b76fb5502f","Juan Luis Morera Luna;Pedro Capó;Marcos A. Ramírez;Víctor R. Torres Betancourt;Roberto Carlos Sierra Casseres;Antonio Cortés;Felipe Andy Clay Cruz;Carlos Humberto Domínguez","https://www.youtube.com/watch?v=zNi-y8ppJCk",""
"holaperdidaremix-955c118019","Javier Sanglerman;Renzo Luca Chiumiento","https://www.youtube.com/watch?v=z8WnSzBe_BM",""
"houdini-41ab2783fc","Kevin Parker;Danny L Harle;Caroline Ailin;Dua Lipa;Tobias Jesso Jr.","https://www.youtube.com/watch?v=suAR1PYFNYA",""
"iadoreyou-98ae7ea0e6","Alexander Tidebrink;Florent Hugel;Tobias Topic;Maximilian Riehl;Loris Cimino;Daecolm Holland;Arash Labaf;José Álvaro Osorio Balvín","https://www.youtube.com/watch?v=WxgrAOMXG8k",""
"ijustmight-3b4db880da","Bruno Mars;Dernst Emile II;Philip Lawrence;Brody Brown","https://www.youtube.com/watch?v=mrV8kK5t0V8",""
"illusion-b2810a35a4","Kevin Parker;Danny L Harle;Caroline Ailin;Dua Lipa;Tobias Jesso Jr.","https://www.youtube.com/watch?v=a9cyG_yfh1k",""
"lacalentura-e7cb98c0ca","Manuel González Hernández","https://www.youtube.com/watch?v=kLIlqS8Bwek",""
"lachicadelescenario-2180b97d75","Alexander Abreu Manresa","https://www.youtube.com/watch?v=aeEH51DzSBE",""
"lafuerte-97999605bd","Shakira Isabel Mebarak Ripoll;Gonzalo Julián Conde;Kevyn Mauricio Cruz Moreno;Alberto Carlos Melendez;Leonardo Zapata","https://www.youtube.com/watch?v=ak5T8kvv8g8",""
"lalampara-19a4848639","Alain Pérez","https://www.youtube.com/watch?v=pzMs8ySQpCQ",""
"lamanodeorula-d113d28c2e","Pablo Alfonso Fernández Gallo","https://www.youtube.com/watch?v=jRK95V3vfe4",""
"lapersonacorrecta-8daadc1bc1","Carlos de Jesús Coronado Chirino;Roberto Johayron Amores Rodríguez;Bárbara de la Caridad Cortés Llacer;Ernesto Losa Aguilar","https://www.youtube.com/watch?v=xrMXLk6IlDg",""
"lasredes-b5eadcc555","Wilfredo Campa Corvea","https://www.youtube.com/watch?v=f2N6n5uJAtU",""
"lastory-2b8e4dc5a3","Marlon Oropesa Mirabal;Carlos Chacón Roca;Yoenni José Echevarria Barrero;Alain De Armas;Javier Conde Alonso;Yunier Terrero Luis","https://www.youtube.com/watch?v=lF1SyWRh7W0",""
"lavidabailando-82797dc147","Wilfredo Campa Corvea","https://www.youtube.com/watch?v=4WXmLK4xujc",""
"lavidaesbuena-e8b327aa2c","Diana Fuentes;Jorge Luis Chacín;Felixandro Reyes Pozo","https://www.youtube.com/watch?v=89zM6cg9_9s",""
"lifetimes-d3b5643c3f","Katheryn Elizabeth Hudson;Lukasz Gottwald;Vaughn Oliver;Rocco Valdes;Ryan Ogren;Theron Thomas;Gamal Lewis;Sarah Hudson","https://www.youtube.com/watch?v=vRkSjkGkhbE",""
"losbesosquetedi-f1fa430ac3","Christian Nodal;José Esparza;Gussy Lau","https://www.youtube.com/watch?v=KzUZljBqRaE",""
"lovepatinohay-1c6dfaf245","Daniel Alejandro Ospina;Johan Fernando Ariza Pretel;Jhon Paul Villasana;Ronny Rodriguez;Miguel Mendoza Donatti","https://www.youtube.com/watch?v=YZyqT-6Y_dU",""
"luna-3464cc2f4b","Juan Luis Morena Luna;Juan David Loaiza Sepulveda;Marcos A. Ramírez;Víctor R. Torres Betancourt;Abraham Olaleye;Juan David Muñoz Aviles;Claudio Alejandro Cabral Rivas","https://www.youtube.com/watch?v=8kOlebnrYvM",""
"luna-3eac47e0df","Salomón Villada Hoyos","https://www.youtube.com/watch?v=x2oUajHp8pg",""
"magia-0cfd9bf9b7","Ramón Lavado Martínez;Gerardo Enrique Rodríguez Francisco;Marlon Fernández Fernández;Yaliesky Bárbaro Zaldívar Corrales","https://www.youtube.com/watch?v=Ch69LsmrQiU",""
"mananateolvido-fd0e38bcef","Idaniel Vazquez;Yosdany Jacob Carmenates;Lisandra Rondon Lara;Fernando Lázaro Otero Van-Caneghem;Bladimir Alexander Companioni","https://www.youtube.com/watch?v=C84fYwFlwKY",""
"masqueamigos-fcd34715fd","Ernesto Alejandro Galguera Fernández;Diana Jeanette Fuentes Lavastida;Ángel Arce","https://www.youtube.com/watch?v=C728BBQr0Xs",""
"meequivoquecontigo-c185e06ee0","Yosdany Jacob Carmenates;Dayron Curbelo Diaz","https://www.youtube.com/watch?v=hM-RYR8zCtg",""
"memuevo-81b30013f0","Farina Pao Paucar Franco;Jose Alberto Rojas Peralta;Vicente Pinto Ruiz;Andy Bauza","https://www.youtube.com/watch?v=XkMCnoWW01A",""
"miamor-75e80a9d85","Aitana Ocaña Morales;Daniel Heredia Vidal;Andrés Torres;Mauricio Rengifo","https://www.youtube.com/watch?v=TC6pGc895yY",""
"miexteniarazon-e14de01b6e","Carolina Giraldo Navarro;Kevyn Mauricio Cruz Moreno;Andrés Jael Correa Ríos;Marco Daniel Borrero;Edgar Barrera","https://www.youtube.com/watch?v=VBcs8DZxBGc",""
"mimeneo-96115b3c28","Rosalía Leyva Saiz","https://www.youtube.com/watch?v=hOD1bLV5okI",""
"miprioridad-7e3f504ac5","Yosdany Jacob Carmenates","https://www.youtube.com/watch?v=hsjj_3zdlxc",""
"mirameahora-3075c509d1","Manuel Turizo;Julián Maya Yépez;Juan Luis Cardona","https://www.youtube.com/watch?v=TyhBC1LiPuU",""
"modovanvan-c3ec2d04af","Samuel Formell","https://www.youtube.com/watch?v=JtX9Tw9vkJA",""
"morena-080c0333b6","Yulien Oviedo Sánchez","https://www.youtube.com/watch?v=1LVoABM4jic",""
"muertofritoyderretido-2b8c5876c2","David Calzado;Liester Mario Hernandez Crespo","https://www.youtube.com/watch?v=hWaSKSR16Co",""
"mundoloco-9f46f12184","Bárbara de la Caridad Cortés Llacer","https://www.youtube.com/watch?v=FwL1P13IRtg",""
"nadasinti-e749860ed3","Eros Ramazzotti;Piero Cassano;Adelio Cogliati","https://www.youtube.com/watch?v=fBdizGyfiaE",""
"nadiecomotu-5461ce5be2","Leonardo Torres Álvarez;Danilo Corrales Guerra;Brayan Pujol Sánchez","https://www.youtube.com/watch?v=6aAJVY98lYA",""
"namore-a9143f5cf2","Álvaro Lenier Mesa Basulto;Lisdan González;Saudy Nail González Machín","https://www.youtube.com/watch?v=TyFDKsgp0-Y",""
"necessito-0aa1136034","Lexa;Lary;Juan Morelli;Navi;Nave","https://www.youtube.com/watch?v=qFtWAih9zII",""
"nohepodidoolvidarte-8a65d99de0","Ramón Lavado Martínez;Luis Javier Prieto Cedeño","https://www.youtube.com/watch?v=jxyJvFap8Os",""
"nosvamos-ec606a101a","Osvaldo Orlando Naranjo;Iván Sotelo Soto;Raimel Abraham Pérez Valdés;Mauro Silvino Bertran","https://www.youtube.com/watch?v=RjO0CI8wq6E",""
"noteinstales-0c505ecf21","Osmany Ernesto Espinosa Morales;José Javier Marcheco Fernández","https://www.youtube.com/watch?v=La_j1G5GwTU",""
"notienesentido-7ac99e1f15","Diego L. Vélez Márquez;Brandon De Jesús López Orozco;Kevyn Mauricio Cruz Moreno;Lenin Yorney Palacios Machado;Alejandro Robledo;Filly Andrés Lima Maya;Cristian Camilo Álvarez Ospina","https://www.youtube.com/watch?v=HL9VoQ-er_U",""
"novolvere-e0a0da09f5","Yosdany Jacob Carmenates;Raydel Pimienta Morell;Mayco Marrero Arencibia;Yuniesky Calvo Jeréz","https://www.youtube.com/watch?v=rIfSzjHEQpM",""
"nuncateolvidare-442ab8b88b","Enrique Iglesias","https://www.youtube.com/watch?v=l6vTz5S-Frc",""
"ohnana-e092d936f3","Juan David Loaiza;Pedro Juan de la Ossa Medrano;Sandy Tabacinic;Juan Diego Medina Vélez","https://www.youtube.com/watch?v=lmDfmilZ4Xo",""
"orgullo-b3c9292d7e","Ernesto Galguera;Eliosbel Galarraga","https://www.youtube.com/watch?v=q6g8L2E-3_g",""
"otranochemas-c3b92c54c5","Víctor M. Ruiz;Efraín Dávila;Cheín García-Alonso","https://www.youtube.com/watch?v=1inWphabkno",""
"outsideoflove-7f7d6b8292","Marco Parisi;Giampaolo Parisi;Rebecca Claire Hill;Charlotte Haining;Mike Kintish","https://www.youtube.com/watch?v=kgF8B0rF438",""
"papasito-18c5517d39","Carolina Giraldo Navarro;Dani Raw;Daniel Echavarría Oviedo","https://www.youtube.com/watch?v=15iEJ0qY_70",""
"paquevolviste-a615566d6e","Abraham Olaleye;Andrea Elena Mangiamarchi;Andrés José Gavillán Batista;Daniel Rondon;Hector Andre Mazzarri Ramos;Julian Reininger;Maria Becerra;Tini;Xavier Rosero","https://www.youtube.com/watch?v=EmHS8ACVnwk",""
"patitoa3-d542f2e175","Ana Mena Rojas;Miriam Doblas Muñoz;Estéfano Berciano Garduño;José Montado Cruz;Carlos Almazán","https://www.youtube.com/watch?v=52cnhvRR6h4",""
"patodalavida-b83f9a5b3b","Ramón Lavado Martínez;Gerardo Enrique Rodríguez Francisco;Marlon Fernández Fernández;Yaliesky Bárbaro Zaldívar Corrales","https://www.youtube.com/watch?v=DCpKOc3Tlmg",""
"plis-f1de299425","Camilo Echeverry;Juan David Muñoz Aviles","https://www.youtube.com/watch?v=VjfGWTeSWF0",""
"portuculpa-2f7567505f","José Carlos García;Roberto Carlos Sierra;Mauro Silvino Bertran;Carlos Humberto Dominguez;José García","https://www.youtube.com/watch?v=hsgwei-MYP8",""
"puntacana-27ce381bef","Marc Anthony;Álvaro Lenier Mesa Basulto;Carlos Humberto Domínguez;Roberto Carlos Sierra Casseres;José Carlos García;Edgardo Antonio Miranda Beiro;Felipe Andy Clay Cruz","https://www.youtube.com/watch?v=QXvudxMABqM",""
"punteria-1ef0e937a3","Shakira Isabel Mebarak Ripoll;Carolina Isabel Colón Juarbe ""GALE"";David Stewart;Daniela Blau;Belcalis Marlenis Almánzar Cephus ""Cardi B"";Carlos Alberto Butter Aguila;Siggy Vazquez Rodriguez;Jean C. Hernandez Espinell;Mateo Dorado","https://www.youtube.com/watch?v=SHnDwYgGKkY",""
"quebola-af45a41f47","Dasiel Mustelier","https://www.youtube.com/watch?v=GAk20ia7rmI",""
"quehaces-d7cb3d98d9","Manuel Turizo;Rebbeca Marie Gomez;Manuel Lorente Freire;Alejandro Robledo Valencia;Daniel Rondon;Cristian Camilo Álvarez Ospina","https://www.youtube.com/watch?v=xU3OvYoE1rc",""
"quehago-96015e81a0","Carmen Migdalia Muradas González","https://www.youtube.com/watch?v=jGlT__blGMo",""
"quetevayabien-64c66e3ede","David Calzado","https://www.youtube.com/watch?v=2hWAFPlSBgA",""
"quevivaelamor-2a6642efed","Yosdany Jacob Carmenates","https://www.youtube.com/watch?v=c7p90qWFK0w",""
"quiero-accfe27478","Greeicy Yeliana Rendón Ceballos;Kevyn Mauricio Cruz Moreno;Daniel Echavarría Oviedo;Luis Miguel Gómez Castaño","https://www.youtube.com/watch?v=PfyRCvEOsBU",""
"regalito-e2fa90eb90","Carlos Alejandro Patiño;David Escobar Gallego;Federico Duque Posada;Guillermo Alejandro Ortiz;Juan David Huertas Clavijo;Juan José Duque;Mateo Uran Diez;Pablo Mejía Bermúdez","https://www.youtube.com/watch?v=JMa3Kpofz0o",""
"reinadecorazones-719bab0ec6","Rainer Pérez","https://www.youtube.com/watch?v=0mW4JDh1-l4",""
"roma-96d5a4f6be","Luis Fonsi;Andrés Torres;Mauricio Rengifo","https://www.youtube.com/watch?v=NOebfEFJW6Y",""
"salvame-5fdc541db8","Carlos Lara Galván;Pedro Muñoz Romero ""Pedro Damián"";Massimiliano Di Carlo ""Max Di Carlo""","https://www.youtube.com/watch?v=_fprB98ekss",""
"salsakuduro-c13ddcca85","Carmen Migdalia Muradas González;William Omar Landrón Rivera;Ali Moore;Faouze Barkati;Philippe De Oliveira;Fabrice Toigo","https://www.youtube.com/watch?v=zqHOeUVDUG8",""
"salvavidas-df979696ed","Yosdany Jacob Carmenates","https://www.youtube.com/watch?v=5bOY-i8OQMk",""
"santa-9ad744ba52","Kilian Johnston;Raúl Alejandro Ocasio Ruiz;Oyinkansola Sarah Aderibigbe;Oswaldo Rangel;Kevin Thomas;Richard McClashie;Nathalia Marshall","https://www.youtube.com/watch?v=9V_HpS9p4QY",""
"savemetonight-57c69ff712","Amanda ""Kiddo A.I."" Ibanez;David Guetta;Giorgio Tuinfort;James Essien;Ryan Tedder;Timofey Reznikov;Tyler Spry","https://www.youtube.com/watch?v=y8HLQn3YAiw",""
"senorbendito-2a53bceed4","Fanny Lu;Jose Gaviria;Juan Fernando Fonseca Ochoa","https://www.youtube.com/watch?v=VFRvtT2yaWM",""
"siantestehubieraconocido-a684e71094","Edgar Barrera;Carolina Giraldo Navarro;Andrés Jael Correa Ríos;Alejandro Ramírez Suarez","https://www.youtube.com/watch?v=MgsdDfdGdHc",""
"silencioremix-df7b7a94c2","Alexander Abreu Manresa","https://www.youtube.com/watch?v=RIXKHOUXBwY",""
"sinmiedo-68d241f95a","Alejandro González Casanova","https://www.youtube.com/watch?v=t07b8YhUJF8",""
"sinofueraporti-650a0054d2","Ángel Arce;Leonardo Torres Álvarez;Beatriz César;Alain De Armas","https://www.youtube.com/watch?v=j5ZcCWIrD8c",""
"sinti-b5cf6d0f05","Mauro Silvino Bertran;Álvaro Lenier Mesa Basulto","https://www.youtube.com/watch?v=QPneuWHr_8U",""
"situlaves-c2af8f00f3","Álvaro Lenier Mesa Basulto;Mauro Silvino Bertran;Joel Alexis Muñoz Martínez;Randy A. Ortiz Acevedo","https://www.youtube.com/watch?v=dXptjNd91t8",""
"soltera-af2453ae86","Shakira Isabel Mebarak Ripoll;Kevyn Mauricio Cruz Moreno;Edgar Barrera;Bizarrap","https://www.youtube.com/watch?v=oBofuVYDoG4",""
"sonriele-dc3a5895ca","Macrilet Rodríguez","https://www.youtube.com/watch?v=XtBXxnmPYwU",""
"sonriemujer-9ba2a53ad4","Ramón Lavado Martínez","https://www.youtube.com/watch?v=G6jVLvaU2yk",""
"tactoquellegoelreparto-4a3c7212e1","Oniel Ernesto Columbie Campos","https://www.youtube.com/watch?v=TNpOsgKA33w",""
"tedigoadioscumbia-7a0cc06fea","Jorge Soto;Paul Bartley;Anarkiólogo","https://www.youtube.com/watch?v=DUbLJKL-nn8",""
"tehacenfaltados-39cb9c7329","Manuel Turizo;Juan Diego Medina Vélez;Julián Turizo Zapata;Manuel Lorente Freire;Daniel José Márquez Díaz;César Augusto Santiago;Daniel Ignacio Rondón;Miguel Ángel Díaz","https://www.youtube.com/watch?v=7VWde7HeEj0",""
"temporal-566773360c","Efraín David Fines Nevares;Álvaro Lenier Mesa Basulto;Carlos Efrén Reyes Rosado","https://www.youtube.com/watch?v=8MM9ahylZSI",""
"tetengoensalsa-8f35b2cfb9","Erik Alejandro Iglesias Rodríguez","https://www.youtube.com/watch?v=4m5m94BsjG8",""
"texasholdem-714295b0ce","Beyoncé Knowles-Carter;Brian Bates;Elizabeth Lowell Boland;Megan Bülow;Nathan Ferraro;Raphael Saadiq","https://www.youtube.com/watch?v=238Z4YaAr1g",""
"thefateofophelia-5a1b58dd4e","Max Martin;Shellback;Taylor Swift","https://www.youtube.com/watch?v=ko70cExuzZM",""
"todoelmundobailando-c00363a787","Álvaro Lenier Mesa Basulto;Leonardo Torres;Jean Carlos Santiago Pérez;Ernesto Galguera;Luis Enrique Ochoa","https://www.youtube.com/watch?v=X2bGDA9fFgU",""
"touchingthesky-93fc355bcf","Raúl Alejandro Ocasio Ruiz","https://www.youtube.com/watch?v=LTCwm9eDY-8",""
"trainingseason-80ba3e9377","Kevin Parker;Danny L Harle;Caroline Ailin;Dua Lipa;Tobias Jesso Jr.","https://www.youtube.com/watch?v=ZjBZ8MUnB0E",""
"tutienesalgo-f736eae719","Guianko Gómez;Andrés Castro","https://www.youtube.com/watch?v=2-2Xw98jcKE",""
"unacopiademi-874f23c606","Carlos de Jesús Coronado Chirino;Roberto Johayron Amores Rodríguez;Ernesto Losa Aguilar","https://www.youtube.com/watch?v=uehlSxXkiNw",""
"unacosita-458b24d76d","Carlos de Jesús Coronado Chirino;Roberto Johayron Amores Rodríguez","https://www.youtube.com/watch?v=OMb5jIpmoYA",""
"unanamas-dacddd8a79","Michael A. Torres Monge;Alejandro Robledo Valencia;Andrés Jael Correa Ríos;Cristian Camilo Álvarez Ospina;Filly Andrés Lima Maya;Jeremy Ayala;Juan J. Santana Lugo;Julio Emmanuel Batista Santos;Kevyn Mauricio Cruz Moreno;Lexus;Maxiolly Torres Meneses;Orlando J. Cepeda Matos","https://www.youtube.com/watch?v=_1W51TfwOEA",""
"unclasico-b17f0c89df","Leoni Torres;Mauro Silvino Bertran;Bobby Sierra","https://www.youtube.com/watch?v=0IuUTaQvpc0",""
"unica-2c69f9590f","Marco Masis;Ricardo López","https://www.youtube.com/watch?v=t-93SWR_eXA",""
"unavidapasada-d64d9360bc","Camilo Echeverry;Juan David Muñoz Aviles","https://www.youtube.com/watch?v=lx6t1zS-bC8",""
"uwaie-85b324d262","Juan David Loaiza;Juan Diego Medina Vélez;Pedro Juan de la Ossa Medrano;Juan Manuel Felizzola","https://www.youtube.com/watch?v=spbagny8OjM",""
"vagabundo-48bd0579e2","Sebastián Obando Giraldo;Manuel Turizo;Brandon De Jesús López Orozco;Julián Turizo Zapata;Andrés Torres;Mauricio Rengifo;Diego L. Vélez Márquez","https://www.youtube.com/watch?v=0J1hIERZ1yA",""
"vibras-f5616bb528","Álvaro Lenier Mesa Basulto;Abel Osvaldo Diaz;Mauro Silvino Bertran;Jordany González Mora","https://www.youtube.com/watch?v=fftJpLguIrs",""
"vocation-a1301068d1","Jan Carlos Ozuna Rosado;Yazid Rivera Lopez;David Guetta;David Sprecher;Benjamin Falik;Johnny Goldstein;Andrés Jael Correa Ríos;Gerald Oscar Jimenez;Kevyn Mauricio Cruz Moreno","https://www.youtube.com/watch?v=Lo-HOkC0vcA",""
"volver-d3eaababf5","Andy Clay;Daniel McCausland;David Escobar Gallego;Giovel Simon;Juan David Huertas Clavijo;Pablo Mejía Bermúdez","https://www.youtube.com/watch?v=yTLWGt4e6Hw",""
"voyami-b10b5a2806","Roberto Hidalgo Puentes","https://www.youtube.com/watch?v=ShGCKJgMpaM",""
"vuelvoaseryo-7603b2a16b","Luis Enrique Mejía López;Julio Fowler","https://www.youtube.com/watch?v=nwbf2bDXgO4",""
"whatever-32f8c484a3","Kyrre Gørvell-Dahll;Amanda Ava Koci;Shakira;Gloria Estefan;Tim Mitchell;Patrick Martin;Cleo Tighe;Jonah Shy;Roland Spreckley","https://www.youtube.com/watch?v=ZDZiXmCl4pk",""
"womansworld-d97203be69","Aaron Joseph;Vaughn Oliver;Katy Perry;Chloe Angelides;Lukasz Gottwald;Rocco Valdes","https://www.youtube.com/watch?v=EVIJUH29pjU",""
"yaloves-2c4b523d6d","Ernesto Galguera;Ronald Borjas","https://www.youtube.com/watch?v=ihFkH3CII_8",""
"yanoteextrano-d54e16679f","Natalia Alexandra Gutiérrez Batista;Marcos A. Ramírez;Claudio Alejandro Cabral Rivas;Víctor R. Torres Betancourt;José Cotto;José M. Ramírez Martínez;Ramón Luis Ayala Rodríguez;Rafael A. Pina Nieves;Juan G. Rivera","https://www.youtube.com/watch?v=EWmyO1yWKls",""
"yapaque-95f29db7eb","Steve Aoki;Carlos Efrén Reyes Rosado;Axel Quezada;Keriel Quiroz Rivas;Jeronimo Hernández;Marcos G Pérez;Kevyn Mauricio Cruz Moreno;Sergio Robledo;Federico Sánchez Ararat;Gabriel Ignacio de León;Arturo Kahan;Gabriel Haber Ellstein","https://www.youtube.com/watch?v=dZzBa7jlXY0",""
"yesand-a3e85abb02","Ariana Grande;Max Martin;Ilya Salmanzadeh","https://www.youtube.com/watch?v=eB6txyhHFG4",""
"yojala-0d25f869e9","Álvaro Lenier Mesa Basulto;Alondra Nairotte Suárez Meléndez;Mauro Silvino Bertran;Jordany González Mora;Diana Fuentes","https://www.youtube.com/watch?v=eQe2Zre5hsM",""
"yotevoyaamar-2b0af500fa","Richard Marx;Angie Chirino","https://www.youtube.com/watch?v=RmojV7OCq3w",""
"youngmikobzrpmusicsessionsvol58-8f3d7a3efd","Gonzalo Julián Conde;María Victoria Ramírez de Arellano Cardona;Santiago Alvarado;Diego Amaury Lopez;Joan Manuel Ubiñas;Dominik Eulberg","https://www.youtube.com/watch?v=NaoNcERVF78",""
"mikaela-d705860dec","Roberto Hidalgo Puentes;Ricardo Leyva","https://www.youtube.com/watch?v=TUY7oTyoR0w",""
"asi-e5c7638841","Abraham Mateo;Maria Becerra;Daniel Ismael Real;Leaan Eley","https://www.youtube.com/watch?v=Jj9T-RC3OOQ",""
"dlejitos-f223412b49","Jesús Alberto Miranda Pérez;Miguel Ignacio Mendoza Donatti;Andrea Elena Mangiamarchi","https://www.youtube.com/watch?v=uhCQojCBc7k",""
"mediovampiro-ebd6d6fdcc","Leonardo Torres Álvarez;Edgar Fernando Rodríguez","https://www.youtube.com/watch?v=IwQAujvaV50",""
"comopami-6b3cbe42fe","Indy Fontaine;Guianko Gómez","https://www.youtube.com/watch?v=r7_JpuGTYPA",""
"sorrypapi-02df82987d","Tobias Topic;Maximilian Riehl;Loris Cimino;Alexander Tidebrink;Hector Andre Mazzarri Ramos;Manuel Lorente Freire;Daniel Rondon;Rebbeca Marie Gomez;Walter Leon Aguilar","https://www.youtube.com/watch?v=CxJu0bncG0k",""
